,barrio,Precio M2,Distancia Subte,lat,lon,estacion
2866,VILLA CRESPO,2222.222222222222,882.7956981757428,-34.594098103600004,-58.430549293199995,135.0
2867,VILLA CRESPO,3207.5471698113206,266.3964749358116,-34.5963204,-58.4402208,139.0
2868,VILLA CRESPO,2098.7654320987654,323.14994621986244,-34.596004,-58.4387623,139.0
2869,VILLA CRESPO,2820.2758620689656,532.3831676277987,-34.599947,-58.4447,140.0
2870,VILLA CRESPO,1890.0,629.1931997336527,-34.59589520000001,-58.4347809,141.0
2871,VILLA CRESPO,1916.666666666667,219.17187925563832,-34.600128600000005,-58.4305413,136.0
2872,VILLA CRESPO,1568.5714285714291,1175.3906632448839,-34.60194620000001,-58.45116170000001,146.0
2873,VILLA CRESPO,1964.2857142857144,342.2513647693936,-34.601696347,-58.4415172487,142.0
2874,VILLA CRESPO,2903.225806451613,263.23227357896167,-34.60028320000001,-58.43749129999999,141.0
2875,VILLA CRESPO,2264.957264957265,263.23227357896167,-34.60028320000001,-58.43749129999999,141.0
2876,VILLA CRESPO,2814.8148148148152,134.96975003013281,-34.598300200000004,-58.4385593,141.0
2877,VILLA CRESPO,2437.5,1310.6498373942477,-34.602328,-58.4532585,146.0
2878,VILLA CRESPO,1992.0394736842104,921.4050317065187,-34.592564210999996,-58.434236526599996,139.0
2879,VILLA CRESPO,1959.268456375839,921.4050317065187,-34.592564210999996,-58.434236526599996,139.0
2880,VILLA CRESPO,1996.2993630573249,921.4050317065187,-34.592564210999996,-58.434236526599996,139.0
2881,VILLA CRESPO,1853.45,921.4050317065187,-34.592564210999996,-58.434236526599996,139.0
2882,VILLA CRESPO,1741.4175824175825,921.4050317065187,-34.592564210999996,-58.434236526599996,139.0
2883,VILLA CRESPO,2222.222222222222,253.42318733288315,-34.5966734,-58.4409407,139.0
2884,VILLA CRESPO,3173.0769230769233,271.28329858180297,-34.596476,-58.438854000000006,139.0
2885,VILLA CRESPO,3215.384615384615,524.7218480321073,-34.5945508,-58.44217809999999,139.0
2886,VILLA CRESPO,1812.080536912752,556.6801228584919,-34.6020458,-58.4439422,140.0
2887,VILLA CRESPO,1598.9847715736041,903.2949042057336,-34.592184,-58.434949,139.0
2888,VILLA CRESPO,2470.3786666666665,243.85783803156838,-34.5998864,-58.4318005,135.0
2889,VILLA CRESPO,2598.0619565217394,243.85783803156838,-34.5998864,-58.4318005,135.0
2890,VILLA CRESPO,2806.9926744186046,243.85783803156838,-34.5998864,-58.4318005,135.0
2891,VILLA CRESPO,2811.7292592592603,243.85783803156838,-34.5998864,-58.4318005,135.0
2892,VILLA CRESPO,2577.7555555555555,170.65741928334808,-34.601810914299996,-58.43287831439999,135.0
2893,VILLA CRESPO,2499.98,170.65741928334808,-34.601810914299996,-58.43287831439999,135.0
2894,VILLA CRESPO,1882.3411764705882,410.3641735260451,-34.6004687,-58.4347154,135.0
2895,VILLA CRESPO,2648.1296296296296,149.16652317322672,-34.60186820000001,-58.4326899,135.0
2896,VILLA CRESPO,2702.675675675676,149.16652317322672,-34.60186820000001,-58.4326899,135.0
2897,VILLA CRESPO,2608.6739130434785,149.16652317322672,-34.60186820000001,-58.4326899,135.0
2898,VILLA CRESPO,2666.644444444445,149.16652317322672,-34.60186820000001,-58.4326899,135.0
2899,VILLA CRESPO,2413.021739130435,190.77142224771077,-34.6003671,-58.43071180000001,136.0
2900,VILLA CRESPO,2545.4242424242425,190.77142224771077,-34.6003671,-58.43071180000001,136.0
2901,VILLA CRESPO,2399.975,190.77142224771077,-34.6003671,-58.43071180000001,136.0
2902,VILLA CRESPO,2621.212121212121,190.77142224771077,-34.6003671,-58.43071180000001,136.0
2903,VILLA CRESPO,2648.1296296296296,178.66623720664555,-34.6018168453,-58.4329525525,135.0
2904,VILLA CRESPO,2545.436363636364,154.08566705073437,-34.6017763344,-58.4327198174,135.0
2905,VILLA CRESPO,2525.628205128205,214.3081565437016,-34.600151394899996,-58.430745711499995,136.0
2906,VILLA CRESPO,2818.151515151515,233.04707121585852,-34.6000100944,-58.4304882195,136.0
2907,VILLA CRESPO,2649.975,206.82850105482234,-34.600222045100004,-58.4307027962,136.0
2908,VILLA CRESPO,2666.6363636363635,211.13598334176586,-34.600186720100005,-58.4306598809,136.0
2909,VILLA CRESPO,2902.4268292682927,203.2498804554924,-34.600258700000005,-58.4306575,136.0
2910,VILLA CRESPO,2926.817073170732,203.2498804554924,-34.600258700000005,-58.4306575,136.0
2911,VILLA CRESPO,2857.128571428572,203.2498804554924,-34.600258700000005,-58.4306575,136.0
2912,VILLA CRESPO,2166.6666666666665,499.66558599885,-34.597043,-58.444107,140.0
2913,VILLA CRESPO,2656.25,499.66558599885,-34.597043,-58.444107,140.0
2914,VILLA CRESPO,2537.313432835821,499.66558599885,-34.597043,-58.444107,140.0
2915,VILLA CRESPO,2631.578947368421,240.66218424143756,-34.5968729,-58.44105500000001,139.0
2916,VILLA CRESPO,2810.3448275862074,713.2454884326751,-34.5957645,-58.4328329,135.0
2917,VILLA CRESPO,2810.3448275862074,713.2454884326751,-34.5957645,-58.4328329,135.0
2918,VILLA CRESPO,2292.3076923076924,1031.4322292680836,-34.605195200000004,-58.4469045,140.0
2919,VILLA CRESPO,2857.142857142857,247.80226299732666,-34.596627500000004,-58.4407197,139.0
2920,VILLA CRESPO,2023.121387283237,827.9300451044803,-34.5947773,-58.433166,135.0
2921,VILLA CRESPO,2250.0,544.2719145324247,-34.596768,-58.44857,146.0
2922,VILLA CRESPO,2700.0,381.1028535007595,-34.593986,-58.444626,145.0
2923,VILLA CRESPO,2458.333333333333,963.0175891255511,-34.599049900000004,-58.4525637,146.0
2924,VILLA CRESPO,2225.0,570.7641455560998,-34.5967815,-58.4348815,141.0
2925,VILLA CRESPO,2187.5,412.9967367741255,-34.598311200000005,-58.43146460000001,135.0
2926,VILLA CRESPO,3189.6551724137926,304.8551474235364,-34.59936870000001,-58.4303835,136.0
2927,VILLA CRESPO,1986.4864864864865,540.3447063808559,-34.59781470000001,-58.4338022,135.0
2928,VILLA CRESPO,2156.8627450980393,1321.5541394977838,-34.601704,-58.454432,146.0
2929,VILLA CRESPO,3181.818181818182,737.8592622723114,-34.595385799999995,-58.4308843,135.0
2930,VILLA CRESPO,2190.684210526316,624.7997468458328,-34.597255600000004,-58.44549839999999,146.0
2931,VILLA CRESPO,2516.756756756757,624.7997468458328,-34.597255600000004,-58.44549839999999,146.0
2932,VILLA CRESPO,2237.076923076923,624.7997468458328,-34.597255600000004,-58.44549839999999,146.0
2933,VILLA CRESPO,2000.0,874.6753496768486,-34.598753,-58.451559,146.0
2934,VILLA CRESPO,3636.363636363637,293.6354775381551,-34.6000402,-58.4330941,135.0
2935,VILLA CRESPO,3121.212121212121,293.6354775381551,-34.6000402,-58.4330941,135.0
2936,VILLA CRESPO,2129.032258064516,715.487565034798,-34.5942227,-58.4352039,141.0
2937,VILLA CRESPO,2681.818181818182,206.37875976097877,-34.600714,-58.43266,135.0
2938,VILLA CRESPO,2583.333333333333,601.3867354320876,-34.59346420000001,-58.4421207,145.0
2939,VILLA CRESPO,2300.0,601.3867354320876,-34.59346420000001,-58.4421207,145.0
2940,VILLA CRESPO,2075.0,586.5583652270573,-34.5933706,-58.44223220000001,145.0
2941,VILLA CRESPO,3676.470588235294,285.38521671342744,-34.5979593,-58.442389,140.0
2942,VILLA CRESPO,2567.5675675675675,285.38521671342744,-34.5979593,-58.442389,140.0
2943,VILLA CRESPO,1936.2745098039209,1419.6068284498158,-34.605502,-58.451032,140.0
2944,VILLA CRESPO,2795.698924731182,186.31319962687007,-34.601395000000004,-58.43290699999999,135.0
2945,VILLA CRESPO,2416.6666666666665,223.55353098241065,-34.59928370000001,-58.43751750000001,141.0
2946,VILLA CRESPO,1850.0,536.2585174608787,-34.5984217,-58.4345798,135.0
2947,VILLA CRESPO,2469.1358024691363,626.4956696478698,-34.5949584405,-58.4355951454,141.0
2948,VILLA CRESPO,2107.1428571428573,781.1132284764456,-34.6051399228,-58.4435132561,142.0
2949,VILLA CRESPO,3227.2727272727275,750.9423865588292,-34.596051700000004,-58.4277245,136.0
2950,VILLA CRESPO,2900.0,750.9423865588292,-34.596051700000004,-58.4277245,136.0
2951,VILLA CRESPO,3123.664122137405,750.9423865588292,-34.596051700000004,-58.4277245,136.0
2952,VILLA CRESPO,3454.666666666666,750.9423865588292,-34.596051700000004,-58.4277245,136.0
2953,VILLA CRESPO,2452.830188679245,489.3287557904205,-34.5943136,-58.439324,139.0
2954,VILLA CRESPO,2210.5263157894738,615.3046398586616,-34.5980255,-58.4270374,136.0
2955,VILLA CRESPO,2257.894736842105,615.3046398586616,-34.5980255,-58.4270374,136.0
2956,VILLA CRESPO,2315.217391304348,615.3046398586616,-34.5980255,-58.4270374,136.0
2957,VILLA CRESPO,2777.777777777778,331.859863251171,-34.6026282,-58.434352,138.0
2958,VILLA CRESPO,2281.6901408450703,495.87308915793784,-34.602794700000004,-58.4370606,141.0
2959,VILLA CRESPO,2972.222222222222,712.2024796935491,-34.5978571,-58.4259825,136.0
2960,VILLA CRESPO,2687.5,316.8885250289305,-34.5958628,-58.4395122,139.0
2961,VILLA CRESPO,2070.3125,723.408308008388,-34.60253970000001,-58.445448,140.0
2962,VILLA CRESPO,2487.804878048781,655.1592804493832,-34.597773,-58.448669,146.0
2963,VILLA CRESPO,2800.0,655.1592804493832,-34.597773,-58.448669,146.0
2964,VILLA CRESPO,2800.0,655.1592804493832,-34.597773,-58.448669,146.0
2965,VILLA CRESPO,2300.0,292.9148389675699,-34.597390999999995,-58.43745500000001,141.0
2966,VILLA CRESPO,3454.5454545454545,331.870986849115,-34.6015602,-58.4343171,135.0
2967,VILLA CRESPO,3090.909090909091,331.870986849115,-34.6015602,-58.4343171,135.0
2968,VILLA CRESPO,3000.0,324.5424388973709,-34.5991117,-58.4314519,135.0
2969,VILLA CRESPO,2894.5945945945946,720.4417612031905,-34.598243,-58.44924,146.0
2970,VILLA CRESPO,2353.1914893617013,720.4417612031905,-34.598243,-58.44924,146.0
2971,VILLA CRESPO,2310.0,720.4417612031905,-34.598243,-58.44924,146.0
2972,VILLA CRESPO,2450.0,459.55947681960316,-34.5948981,-58.4415508,139.0
2973,VILLA CRESPO,2705.882352941177,303.6047613529894,-34.593667100000005,-58.4452762,145.0
2974,VILLA CRESPO,2543.478260869565,303.6047613529894,-34.593667100000005,-58.4452762,145.0
2975,VILLA CRESPO,2413.7931034482763,270.4534951482714,-34.597079,-58.4417086,139.0
2976,VILLA CRESPO,2681.818181818182,270.4534951482714,-34.597079,-58.4417086,139.0
2977,VILLA CRESPO,2444.444444444445,270.4534951482714,-34.597079,-58.4417086,139.0
2978,VILLA CRESPO,2642.857142857143,270.4534951482714,-34.597079,-58.4417086,139.0
2979,VILLA CRESPO,2666.6666666666665,270.4534951482714,-34.597079,-58.4417086,139.0
2980,VILLA CRESPO,2289.4736842105262,339.6908627359918,-34.600539970300005,-58.4368396904,141.0
2981,VILLA CRESPO,2506.3291139240505,431.9473732475649,-34.603519,-58.4350675,138.0
2982,VILLA CRESPO,2137.2549019607845,560.6877494480901,-34.5931282,-58.4424065,145.0
2983,VILLA CRESPO,3645.833333333334,1006.1604609610173,-34.5907246,-58.4354956,139.0
2984,VILLA CRESPO,2196.969696969697,723.8396437926135,-34.6035355,-58.4446402,140.0
2985,VILLA CRESPO,2613.6363636363635,850.8080023951437,-34.5944496706,-58.4298793228,136.0
2986,VILLA CRESPO,2264.864864864865,762.1195001054267,-34.598561,-58.449497,146.0
2987,VILLA CRESPO,2426.6666666666665,762.1195001054267,-34.598561,-58.449497,146.0
2988,VILLA CRESPO,2353.1914893617013,762.1195001054267,-34.598561,-58.449497,146.0
2989,VILLA CRESPO,2844.827586206897,535.3510488811165,-34.594458,-58.442209,139.0
2990,VILLA CRESPO,2236.842105263158,81.29230933877773,-34.599496,-58.440445,140.0
2991,VILLA CRESPO,2169.491525423729,892.0805318426138,-34.5999494,-58.4486662,146.0
2992,VILLA CRESPO,2250.0,560.1199692513629,-34.5950011,-58.4364184,139.0
2993,VILLA CRESPO,2250.0,560.1199692513629,-34.5950011,-58.4364184,139.0
2994,VILLA CRESPO,2458.333333333333,508.8867571497925,-34.5943155,-58.4434387,145.0
2995,VILLA CRESPO,2000.0,195.24949755259726,-34.6018893,-58.4331122,135.0
2996,VILLA CRESPO,2277.227722772277,1078.3210878092789,-34.6026402,-58.4490184,140.0
2997,VILLA CRESPO,2959.183673469388,84.01214666205703,-34.6013223,-58.43158070000001,135.0
2998,VILLA CRESPO,2962.5,197.71580611477106,-34.60030510000001,-58.4306989,136.0
2999,VILLA CRESPO,3036.708860759493,197.71580611477106,-34.60030510000001,-58.4306989,136.0
3000,VILLA CRESPO,3314.634146341464,197.71580611477106,-34.60030510000001,-58.4306989,136.0
3001,VILLA CRESPO,1833.333333333333,805.7465989806949,-34.5978815299,-58.4517499879,146.0
3002,VILLA CRESPO,2575.7272727272725,386.1308911912387,-34.6014097,-58.4347897,135.0
3003,VILLA CRESPO,1936.2745098039209,1437.8405328387978,-34.605694,-58.451109,140.0
3004,VILLA CRESPO,2500.0,1116.351050793903,-34.60709,-58.446002,142.0
3005,VILLA CRESPO,3216.2162162162163,408.7226832277544,-34.6025939,-58.4350567,138.0
3006,VILLA CRESPO,2727.2727272727275,300.9427676059377,-34.5995097925,-58.432341366,135.0
3007,VILLA CRESPO,3829.787234042553,445.0258991881212,-34.598226000000004,-58.429706,136.0
3008,VILLA CRESPO,3829.787234042553,445.0258991881212,-34.598226000000004,-58.429706,136.0
3009,VILLA CRESPO,2000.0,1128.2747560449352,-34.600324,-58.453353,146.0
3010,VILLA CRESPO,2000.0,840.4814071333269,-34.5932153,-58.434613,139.0
3011,VILLA CRESPO,2136.3636363636365,384.72199606798785,-34.594371,-58.4449404,145.0
3012,VILLA CRESPO,3823.529411764706,336.92266302801846,-34.59576920000001,-58.4406964,139.0
3013,VILLA CRESPO,2127.659574468085,428.9626710647241,-34.598251,-58.432164,135.0
3014,VILLA CRESPO,2635.6589147286827,412.942645859364,-34.5986981,-58.4330105,135.0
3015,VILLA CRESPO,1838.7096774193549,983.0259010390532,-34.5932632,-58.43276120000001,135.0
3016,VILLA CRESPO,2916.666666666666,475.8683213111182,-34.6031843,-58.4412869,142.0
3017,VILLA CRESPO,2718.75,656.2641627885973,-34.604972,-58.441,142.0
3018,VILLA CRESPO,2268.6567164179105,315.23075914072297,-34.601912799999994,-58.4389284,142.0
3019,VILLA CRESPO,1717.391304347826,717.5507784295226,-34.5984204462,-58.4481693413,146.0
3020,VILLA CRESPO,1789.473684210526,719.0119937801712,-34.5984381091,-58.448126426,146.0
3021,VILLA CRESPO,3000.0,835.4667567191497,-34.5945999,-58.4326579,135.0
3022,VILLA CRESPO,2266.6666666666665,724.8670547959574,-34.5975482,-58.4249158,131.0
3023,VILLA CRESPO,2415.384615384615,923.8382303688936,-34.590937410500004,-58.4367899504,139.0
3024,VILLA CRESPO,3048.780487804879,561.8188223961961,-34.5969628,-58.43138879999999,135.0
3025,VILLA CRESPO,2311.6883116883123,919.6629093485832,-34.5912268,-58.436228,139.0
3026,VILLA CRESPO,3105.263157894737,329.35800230291295,-34.5985336,-58.4365893,141.0
3027,VILLA CRESPO,1570.7964601769906,181.49164342824244,-34.602378107199996,-58.4330094476,138.0
3028,VILLA CRESPO,2172.4137931034484,870.1703057265812,-34.5942242,-58.43043340000001,136.0
3029,VILLA CRESPO,2172.4137931034484,861.5532531232317,-34.5943033,-58.4304149,136.0
3030,VILLA CRESPO,2161.1111111111113,840.3070031123107,-34.605036600000005,-58.4445668,142.0
3031,VILLA CRESPO,2906.9767441860467,152.13122020412712,-34.60187929999999,-58.4327184,135.0
3032,VILLA CRESPO,2142.8571428571427,306.79213150881526,-34.5967234,-58.44182370000001,139.0
3033,VILLA CRESPO,2435.897435897436,405.91885867358803,-34.6007141,-58.4362529,141.0
3034,VILLA CRESPO,2297.297297297297,481.2623475871344,-34.5959508,-58.4457372,146.0
3035,VILLA CRESPO,2590.6666666666665,1555.3143291782635,-34.6057050887,-58.4523323593,140.0
3036,VILLA CRESPO,2582.6666666666665,1555.3143291782635,-34.6057050887,-58.4523323593,140.0
3037,VILLA CRESPO,2568.4848484848485,1577.0459247462456,-34.605917025,-58.452439647700004,140.0
3038,VILLA CRESPO,2555.555555555556,353.7828230321782,-34.5942643,-58.4452421,145.0
3039,VILLA CRESPO,2500.0,304.240268529096,-34.594039925,-58.445680251300004,146.0
3040,VILLA CRESPO,1592.5925925925924,656.4788251095133,-34.59331629999999,-58.4373805,139.0
3041,VILLA CRESPO,2255.8139534883717,380.54999768521765,-34.5987739,-58.4434328,140.0
3042,VILLA CRESPO,3146.3414634146343,258.977451481575,-34.6005909,-58.43776510000001,141.0
3043,VILLA CRESPO,2216.6666666666665,180.48572029680372,-34.6010593,-58.4326527,135.0
3044,VILLA CRESPO,2292.3076923076924,360.16491407570317,-34.596147875999996,-58.4418997085,139.0
3045,VILLA CRESPO,1748.2517482517483,993.9010968080631,-34.592098,-58.433774,139.0
3046,VILLA CRESPO,2894.7368421052643,448.66506699808554,-34.594951,-58.438336,139.0
3047,VILLA CRESPO,1894.7368421052633,790.2484507575509,-34.605111,-58.443709,142.0
3048,VILLA CRESPO,2700.0,258.9930376990852,-34.600590999999994,-58.437765,141.0
3049,VILLA CRESPO,2810.133333333333,707.627397076368,-34.597860700000005,-58.426034400000006,136.0
3050,VILLA CRESPO,3390.243902439024,396.38189544576153,-34.5985184,-58.43049499999999,136.0
3051,VILLA CRESPO,2763.157894736842,1684.1467563043511,-34.6049971764,-58.4553937522,146.0
3052,VILLA CRESPO,2636.3636363636365,518.4077915607388,-34.5981092,-58.4339031,135.0
3053,VILLA CRESPO,3645.833333333334,999.3972657179457,-34.5906945,-58.4356814,139.0
3054,VILLA CRESPO,2023.8095238095239,453.49828429390004,-34.6021894,-58.44250529999999,142.0
3055,VILLA CRESPO,2023.8095238095239,259.06737313552134,-34.5987557967,-58.4371996298,141.0
3056,VILLA CRESPO,2692.3076923076924,502.5028656687264,-34.60220870000001,-58.44313100000001,140.0
3057,VILLA CRESPO,2477.8761061946907,198.55694757238163,-34.5979241884,-58.438122535,141.0
3058,VILLA CRESPO,2477.8761061946907,198.55694757238163,-34.5979241884,-58.438122535,141.0
3059,VILLA CRESPO,2829.3469387755104,555.6999857701819,-34.5967912,-58.4350289,141.0
3060,VILLA CRESPO,2686.9775280898875,555.6999857701819,-34.5967912,-58.4350289,141.0
3061,VILLA CRESPO,3203.5,555.6999857701819,-34.5967912,-58.4350289,141.0
3062,VILLA CRESPO,3134.808988764045,555.6999857701819,-34.5967912,-58.4350289,141.0
3063,VILLA CRESPO,1832.2981366459628,1262.306260737656,-34.600967600000004,-58.45452270000001,146.0
3064,VILLA CRESPO,2340.4255319148942,199.848354283365,-34.6009115,-58.4402166,142.0
3065,VILLA CRESPO,2340.4255319148942,199.848354283365,-34.6009115,-58.4402166,142.0
3066,VILLA CRESPO,1973.6842105263158,755.4539192028676,-34.59622,-58.427338,136.0
3067,VILLA CRESPO,3571.4285714285716,452.0891215249446,-34.5990183,-58.4440826,140.0
3068,VILLA CRESPO,2666.6666666666665,428.0765552808741,-34.6006729,-58.443446,140.0
3069,VILLA CRESPO,3372.0930232558144,540.137752085443,-34.5934455,-58.44269920000001,145.0
3070,VILLA CRESPO,2161.1111111111113,833.4312713591147,-34.6048848256,-58.4446502831,142.0
3071,VILLA CRESPO,3066.666666666666,1691.3207919172055,-34.6050662,-58.4554051,146.0
3072,VILLA CRESPO,2336.9565217391305,321.8942959875333,-34.602139,-58.434286,138.0
3073,VILLA CRESPO,2200.0,746.1005648066628,-34.597235999999995,-58.424778,131.0
3074,VILLA CRESPO,2931.0344827586205,396.3962342206813,-34.599364,-58.433734,135.0
3075,VILLA CRESPO,2911.7647058823527,202.18242149771348,-34.5922688,-58.4455372,145.0
3076,VILLA CRESPO,2666.6666666666665,95.22273111226556,-34.6012474,-58.43167220000001,135.0
3077,VILLA CRESPO,2709.6774193548385,560.8583435123428,-34.5982273,-58.4275511,136.0
3078,VILLA CRESPO,2000.0,661.1817383549256,-34.59853,-58.445965,140.0
3079,VILLA CRESPO,2100.0,661.1817383549256,-34.59853,-58.445965,140.0
3080,VILLA CRESPO,2142.8571428571427,283.4445609971096,-34.600726,-58.4418106,140.0
3081,VILLA CRESPO,3000.0,52.431430305306755,-34.5994708458,-58.4393187762,141.0
3082,VILLA CRESPO,3000.0,47.4203618015198,-34.5993663991,-58.4392436128,141.0
3083,VILLA CRESPO,2074.626865671642,289.37759319738797,-34.60129000000001,-58.43386,135.0
3084,VILLA CRESPO,2689.655172413793,773.6656134881964,-34.596176,-58.427095,136.0
3085,VILLA CRESPO,2638.8888888888887,386.50994662084906,-34.6033339,-58.434695700000006,138.0
3086,VILLA CRESPO,2666.6666666666665,1094.3852465976925,-34.606116,-58.446799,140.0
3087,VILLA CRESPO,1816.666666666667,913.9160622372035,-34.5918321,-58.43527829999999,139.0
3088,VILLA CRESPO,2909.090909090909,646.0447788682051,-34.598527000000004,-58.4458274,140.0
3089,VILLA CRESPO,2540.5405405405404,646.0447788682051,-34.598527000000004,-58.4458274,140.0
3090,VILLA CRESPO,2500.0,646.0447788682051,-34.598527000000004,-58.4458274,140.0
3091,VILLA CRESPO,2918.918918918919,632.3805434557216,-34.59887020000001,-58.4457166,140.0
3092,VILLA CRESPO,2861.1111111111113,632.3805434557216,-34.59887020000001,-58.4457166,140.0
3093,VILLA CRESPO,2714.285714285714,457.39917148935916,-34.601087,-58.44351800000001,140.0
3094,VILLA CRESPO,3602.409638554217,59.44766328387734,-34.598574,-58.43926800000001,141.0
3095,VILLA CRESPO,2023.8095238095239,292.23887265975327,-34.593774,-58.445528,145.0
3096,VILLA CRESPO,2740.384615384615,98.47459397602283,-34.6011604,-58.4314409,135.0
3097,VILLA CRESPO,2796.875,1701.0906511336464,-34.605237,-58.455291,146.0
3098,VILLA CRESPO,1695.6521739130435,869.874604448027,-34.601966,-58.447254,140.0
3099,VILLA CRESPO,2352.9411764705883,171.0304173699036,-34.597206799999995,-58.4394983,139.0
3100,VILLA CRESPO,3166.666666666666,1071.9159929390828,-34.606173811,-58.4464416067,142.0
3101,VILLA CRESPO,2621.212121212121,865.9702056764912,-34.594272100000005,-58.43027729999999,136.0
3102,VILLA CRESPO,2500.0,585.1506376097242,-34.597255,-58.447667,146.0
3103,VILLA CRESPO,2327.586206896552,462.66219455942996,-34.594404,-58.444015,145.0
3104,VILLA CRESPO,1620.6896551724137,353.52436134349847,-34.596270000000004,-58.437805,139.0
3105,VILLA CRESPO,2586.2068965517237,1095.99310964876,-34.6065342,-58.44637410000001,142.0
3106,VILLA CRESPO,1863.6363636363642,1113.6347631603455,-34.60284424,-58.44927979,140.0
3107,VILLA CRESPO,2692.3076923076924,361.56670215370303,-34.59767914,-58.44301987,140.0
3108,VILLA CRESPO,2708.333333333333,347.161059741296,-34.60244751,-58.43450928,138.0
3109,VILLA CRESPO,2106.6666666666665,468.0338758073801,-34.5958130307,-58.449254160100004,146.0
3110,VILLA CRESPO,2112.5,600.9137691721857,-34.59710312,-58.43444443,141.0
3111,VILLA CRESPO,1850.0,465.68456139122026,-34.59580231,-58.44922638,146.0
3112,VILLA CRESPO,1862.745098039216,1592.7361467677001,-34.60523224,-58.45312119,146.0
3113,VILLA CRESPO,2857.142857142857,130.55521065807983,-34.60087585,-58.43119431,135.0
3114,VILLA CRESPO,1613.899613899614,1231.1555116419881,-34.60182953,-58.45266724,146.0
3115,VILLA CRESPO,2638.8888888888887,356.67624426866274,-34.5963485,-58.437674,139.0
3116,VILLA CRESPO,2388.8888888888887,176.22679711203597,-34.597412299999995,-58.4389475,139.0
3117,VILLA CRESPO,2388.8888888888887,176.22679711203597,-34.597412299999995,-58.4389475,139.0
3118,VILLA CRESPO,2009.3457943925234,622.0800098322021,-34.5929125,-58.4417861,145.0
3119,VILLA CRESPO,2888.888888888889,518.5071057281497,-34.5981492,-58.4339655,135.0
3120,VILLA CRESPO,2539.6825396825398,841.130335287855,-34.604848,-58.444798,142.0
3121,VILLA CRESPO,1984.1269841269839,996.5060468171032,-34.599532,-58.45239399999999,146.0
3122,VILLA CRESPO,2023.8095238095239,188.88442140894847,-34.5929855,-58.4460603,145.0
3123,VILLA CRESPO,2486.486486486487,360.50639649986505,-34.599108,-58.42952,136.0
3124,VILLA CRESPO,2661.1111111111113,859.2122315709422,-34.598603999999995,-58.451535,146.0
3125,VILLA CRESPO,2500.0,1717.7590967090362,-34.604477,-58.456718,146.0
3126,VILLA CRESPO,1931.4606741573034,123.23105080201208,-34.601943,-58.432462,135.0
3127,VILLA CRESPO,2175.438596491228,123.23105080201208,-34.601943,-58.432462,135.0
3128,VILLA CRESPO,2416.6666666666665,584.5932562714689,-34.596877,-58.432474,135.0
3129,VILLA CRESPO,1946.428571428572,1593.810149893066,-34.604865999999994,-58.453939,146.0
3130,VILLA CRESPO,2013.888888888889,1551.265231371497,-34.603965,-58.454776,146.0
3131,VILLA CRESPO,1875.0,936.1859563013533,-34.606291,-58.44431899999999,142.0
3132,VILLA CRESPO,2000.0,1587.806203065835,-34.604848,-58.453853,146.0
3133,VILLA CRESPO,1807.692307692308,895.0314295153814,-34.603797,-58.446461,140.0
3134,VILLA CRESPO,2056.07476635514,926.6144753254598,-34.591813,-58.435102,139.0
3135,VILLA CRESPO,2371.428571428572,165.2644900119588,-34.600804600000004,-58.432184,135.0
3136,VILLA CRESPO,2106.3829787234044,513.5317603206041,-34.5950279,-58.4427211,139.0
3137,VILLA CRESPO,3130.4347826086955,601.9324205323996,-34.5935352,-58.4381676,139.0
3138,VILLA CRESPO,2906.060606060606,1078.525194381572,-34.6064777705,-58.4461998772,142.0
3139,VILLA CRESPO,2777.777777777778,501.55875303668796,-34.6025254,-58.4427827,142.0
3140,VILLA CRESPO,2142.8571428571427,500.1615557912542,-34.598906,-58.4346127,135.0
3141,VILLA CRESPO,2878.0487804878053,367.79167740919763,-34.5955354,-58.44089,139.0
3142,VILLA CRESPO,1712.3287671232874,1467.2696034538362,-34.6026318,-58.4553993,146.0
3143,VILLA CRESPO,1957.4468085106384,1730.8965590875553,-34.603995,-58.45752589999999,146.0
3144,VILLA CRESPO,2542.857142857143,291.2362256714637,-34.5998364,-58.43278710000001,135.0
3145,VILLA CRESPO,2289.1566265060237,257.42517815184425,-34.5969589,-58.4414207,139.0
3146,VILLA CRESPO,2159.090909090909,779.0230889189086,-34.6037847,-58.445095,140.0
3147,VILLA CRESPO,1714.2857142857142,520.1447235493325,-34.5965561642,-58.44851675090001,146.0
3148,VILLA CRESPO,2903.225806451613,260.04273634002817,-34.6002142056,-58.4374840837,141.0
3149,VILLA CRESPO,1801.470588235294,398.3086628551469,-34.595186,-58.440652,139.0
3150,VILLA CRESPO,2315.7894736842104,773.4369246090433,-34.590478000000004,-58.44043900000001,145.0
3151,VILLA CRESPO,2538.4615384615386,1560.7100179714985,-34.604305263600004,-58.4543603391,146.0
3152,VILLA CRESPO,1878.453038674033,431.487172856452,-34.597101,-58.443448,140.0
3153,VILLA CRESPO,2189.189189189189,165.60076990472734,-34.6007563383,-58.4321129693,135.0
3154,VILLA CRESPO,3000.0,387.5564679226205,-34.593215,-58.44409200000001,145.0
3155,VILLA CRESPO,2205.5641025641025,329.48588321812707,-34.5985091,-58.4365925,141.0
3156,VILLA CRESPO,3107.74,573.435972577459,-34.5971384,-58.447864,146.0
3157,VILLA CRESPO,2301.2820512820513,599.8619232382275,-34.593504,-58.442148,145.0
3158,VILLA CRESPO,2690.0,599.8619232382275,-34.593504,-58.442148,145.0
3159,VILLA CRESPO,2613.6363636363635,828.1647193887562,-34.5946765,-58.429735,136.0
3160,VILLA CRESPO,2593.9849624060157,828.1647193887562,-34.5946765,-58.429735,136.0
3161,VILLA CRESPO,2613.6363636363635,828.1647193887562,-34.5946765,-58.429735,136.0
3162,VILLA CRESPO,2909.090909090909,333.86122481714915,-34.5993010224,-58.4296813308,136.0
3163,VILLA CRESPO,2906.25,293.11884084448735,-34.599992799999995,-58.43303050000001,135.0
3164,VILLA CRESPO,2000.0,416.6832452432438,-34.5979011,-58.435932,141.0
3165,VILLA CRESPO,2051.2820512820513,416.6832452432438,-34.5979011,-58.435932,141.0
3166,VILLA CRESPO,2821.4285714285716,904.4494531683586,-34.5896624,-58.4394126,145.0
3167,VILLA CRESPO,2678.5714285714284,904.4494531683586,-34.5896624,-58.4394126,145.0
3168,VILLA CRESPO,2439.0243902439024,498.9600877714121,-34.597836357199995,-58.4293270111,136.0
3169,VILLA CRESPO,2088.8888888888887,691.2461985009384,-34.595813799999995,-58.4308208,135.0
3170,VILLA CRESPO,2678.5714285714284,874.0541067249013,-34.5896652,-58.4396975,145.0
3171,VILLA CRESPO,2613.6363636363635,823.59150840429,-34.5947132,-58.4297697,136.0
3172,VILLA CRESPO,2487.234042553192,1088.7883700501004,-34.6063416,-58.4464868,142.0
3173,VILLA CRESPO,2777.777777777778,535.8254257023196,-34.603959,-58.438946,142.0
3174,VILLA CRESPO,2486.25,500.43428759433556,-34.5963659942,-58.4464294929,146.0
3175,VILLA CRESPO,2490.4615384615386,495.39391109119896,-34.594427,-58.441215,139.0
3176,VILLA CRESPO,3271.56,599.8765284859138,-34.593403,-58.44211600000001,145.0
3177,VILLA CRESPO,2373.134328358209,907.7571543372611,-34.591572,-58.435805,139.0
3178,VILLA CRESPO,2553.1914893617013,923.4349561402768,-34.600221000000005,-58.44876800000001,146.0
3179,VILLA CRESPO,3076.9230769230767,115.54250225493998,-34.5980941,-58.4407274,139.0
3180,VILLA CRESPO,1714.2857142857142,508.2898656950226,-34.5964546,-58.4484792,146.0
3181,VILLA CRESPO,3111.1111111111113,636.9036635914167,-34.6049352,-58.4396301,142.0
3182,VILLA CRESPO,2569.444444444445,64.7417655348385,-34.599374,-58.43904300000001,141.0
3183,VILLA CRESPO,2305.882352941177,351.7323863167651,-34.5949098,-58.44628520000001,146.0
3184,VILLA CRESPO,2176.4705882352937,566.1589182256463,-34.597054,-58.4325011,135.0
3185,VILLA CRESPO,3047.058823529412,183.35592769456858,-34.5980318609,-58.43821298140001,141.0
3186,VILLA CRESPO,2264.1509433962265,268.8077578745935,-34.6016028,-58.4398177,142.0
3187,VILLA CRESPO,2692.3076923076924,731.8492910860435,-34.6037311,-58.4445434,140.0
3188,VILLA CRESPO,2166.6666666666665,982.0273998233561,-34.5910151,-58.4354249,139.0
3189,VILLA CRESPO,2613.6363636363635,810.2742510727603,-34.59487360000001,-58.429536,136.0
3190,VILLA CRESPO,2933.333333333333,805.1412063528364,-34.596767,-58.425867,136.0
3191,VILLA CRESPO,2802.857142857143,893.1058899330142,-34.591283000000004,-58.436682,139.0
3192,VILLA CRESPO,2820.93023255814,893.1058899330142,-34.591283000000004,-58.436682,139.0
3193,VILLA CRESPO,2794.1176470588234,405.1108588580834,-34.598801,-58.429224,136.0
3194,VILLA CRESPO,2346.938775510204,153.45272568140612,-34.6012248,-58.4324708,135.0
3195,VILLA CRESPO,3125.0,257.49260917077197,-34.596400700000004,-58.44021310000001,139.0
3196,VILLA CRESPO,2940.0,518.4220761469115,-34.603748700000004,-58.4407541,142.0
3197,VILLA CRESPO,3645.833333333334,518.4220761469115,-34.603748700000004,-58.4407541,142.0
3198,VILLA CRESPO,2352.112676056338,795.7906298194563,-34.594993,-58.432803,135.0
3199,VILLA CRESPO,1743.2432432432431,492.80512004496893,-34.601859999999995,-58.43581999999999,138.0
3200,VILLA CRESPO,2790.697674418605,394.09645300152295,-34.599543100000005,-58.4435034,140.0
3201,VILLA CRESPO,2454.5454545454545,755.3661490466096,-34.595234999999995,-58.4307789,135.0
3202,VILLA CRESPO,3687.5,449.58512588480846,-34.5980939,-58.4300735,136.0
3203,VILLA CRESPO,2371.428571428572,761.6278794545556,-34.5953078,-58.43279770000001,135.0
3204,VILLA CRESPO,2060.2815625,476.7932315904601,-34.597787200000006,-58.43050160000001,136.0
3205,VILLA CRESPO,3382.3529411764707,514.573383681205,-34.59577,-58.436215,141.0
3206,VILLA CRESPO,2222.222222222222,334.8111049252353,-34.600611,-58.43693199999999,141.0
3207,VILLA CRESPO,2165.3543307086616,670.5492899269682,-34.597937,-58.4464245,146.0
3208,VILLA CRESPO,2529.4117647058824,35.064935970905935,-34.5990658,-58.4392113,141.0
3209,VILLA CRESPO,3068.181818181818,328.35560026396246,-34.599438,-58.4429173,140.0
3210,VILLA CRESPO,2437.5,655.4517005922419,-34.6027281,-58.4445398,140.0
3211,VILLA CRESPO,3478.2608695652175,507.4428901811786,-34.603656,-58.4387283,142.0
3212,VILLA CRESPO,3478.2608695652175,495.4591745881497,-34.597789500000005,-58.4295725,136.0
3213,VILLA CRESPO,2671.6417910447767,690.427238333658,-34.5923488,-58.4410827,145.0
3214,VILLA CRESPO,2645.833333333333,1175.6652762028884,-34.6067037011,-58.44724819060001,140.0
3215,VILLA CRESPO,2693.877551020408,356.2471607973968,-34.5937394,-58.44471970000001,145.0
3216,VILLA CRESPO,1644.6280991735534,1202.1779117312603,-34.5997031,-58.45517020000001,144.0
3217,VILLA CRESPO,2222.222222222222,401.6585958218093,-34.599662,-58.434096200000006,135.0
3218,VILLA CRESPO,3061.2244897959185,271.8532233419097,-34.5977458,-58.4421536,140.0
3219,VILLA CRESPO,2348.5782978723405,613.0426720944608,-34.59762620000001,-58.44538879999999,140.0
3220,VILLA CRESPO,2201.8293670886073,613.0426720944608,-34.59762620000001,-58.44538879999999,140.0
3221,VILLA CRESPO,2936.170212765957,305.26394261738864,-34.5959983,-58.4404229,139.0
5955,VILLA URQUIZA,2550.5162162162164,894.6769146352638,-34.5733221738,-58.473369740100004,159.0
5956,VILLA URQUIZA,3130.868595041322,894.7762818427386,-34.5733221738,-58.473359011199996,159.0
5957,VILLA URQUIZA,2676.1966666666667,894.7762818427386,-34.5733221738,-58.473359011199996,159.0
5958,VILLA URQUIZA,2680.933148148149,894.7762818427386,-34.5733221738,-58.473359011199996,159.0
5959,VILLA URQUIZA,2094.8275862068967,731.7235508409265,-34.5747904,-58.47350890000001,159.0
5960,VILLA URQUIZA,2325.581395348837,174.4025044793411,-34.5746019,-58.4848085,170.0
5961,VILLA URQUIZA,2594.531176470588,892.7440309433523,-34.571815,-58.475289,164.0
5962,VILLA URQUIZA,2601.0682857142856,892.7440309433523,-34.571815,-58.475289,164.0
5963,VILLA URQUIZA,2514.285714285714,1325.5623223920604,-34.56256079999999,-58.483551,168.0
5964,VILLA URQUIZA,2450.0,1325.5623223920604,-34.56256079999999,-58.483551,168.0
5965,VILLA URQUIZA,2800.0,1325.5623223920604,-34.56256079999999,-58.483551,168.0
5966,VILLA URQUIZA,2558.139534883721,119.12646958183987,-34.5779566,-58.48220229999999,163.0
5967,VILLA URQUIZA,2450.0,996.5721928756853,-34.564944399999995,-58.4860461,168.0
5968,VILLA URQUIZA,2814.285714285714,1389.5674083125482,-34.5642325,-58.47914520000001,170.0
5969,VILLA URQUIZA,3455.8823529411766,1102.7604698685482,-34.564311,-58.484655,168.0
5970,VILLA URQUIZA,2713.114754098361,872.3269458596332,-34.5726417,-58.4746835,164.0
5971,VILLA URQUIZA,2869.4915254237294,872.3269458596332,-34.5726417,-58.4746835,164.0
5972,VILLA URQUIZA,2719.2982456140357,872.3269458596332,-34.5726417,-58.4746835,164.0
5973,VILLA URQUIZA,1887.1681415929208,872.3269458596332,-34.5726417,-58.4746835,164.0
5974,VILLA URQUIZA,1871.518987341772,872.3269458596332,-34.5726417,-58.4746835,164.0
5975,VILLA URQUIZA,2875.0,325.63638194973385,-34.580060499999995,-58.4830662,163.0
5976,VILLA URQUIZA,2616.6666666666665,512.613445650142,-34.5730581,-58.4810275,162.0
5977,VILLA URQUIZA,1609.3023255813953,844.1701609958932,-34.576141,-58.495287,355.0
5978,VILLA URQUIZA,3312.5,525.7990512961326,-34.569226184899996,-58.489034715200006,168.0
5979,VILLA URQUIZA,1739.1304347826087,24.758041445154156,-34.5746402953,-58.4873013106,169.0
5980,VILLA URQUIZA,3055.555555555556,311.4692820114453,-34.5800019,-58.4829373,163.0
5981,VILLA URQUIZA,2447.9166666666665,890.4782537176441,-34.5733475,-58.47354549999999,159.0
5982,VILLA URQUIZA,2486.0335195530724,890.4782537176441,-34.5733475,-58.47354549999999,159.0
5983,VILLA URQUIZA,3055.555555555556,287.34478380702984,-34.5795043,-58.4831274,163.0
5984,VILLA URQUIZA,3444.4444444444453,1038.7923840331928,-34.569129,-58.477082,162.0
5985,VILLA URQUIZA,2800.0,666.0298595767017,-34.5713347,-58.4812641,170.0
5986,VILLA URQUIZA,2792.4528301886794,594.1360676967488,-34.578385483000005,-58.4911104219,166.0
5987,VILLA URQUIZA,2857.114285714286,541.0237770625783,-34.578715700000004,-58.4897657,169.0
5988,VILLA URQUIZA,2499.975,541.0237770625783,-34.578715700000004,-58.4897657,169.0
5989,VILLA URQUIZA,2702.675675675676,541.0237770625783,-34.578715700000004,-58.4897657,169.0
5990,VILLA URQUIZA,3306.7484662576685,755.7845770408654,-34.5749626,-58.4717061,159.0
5991,VILLA URQUIZA,3306.7484662576685,659.1050066880623,-34.5755660128,-58.4727581964,159.0
5992,VILLA URQUIZA,2674.418604651163,817.661809619918,-34.578804,-58.493562,166.0
5993,VILLA URQUIZA,3245.61403508772,872.251902814096,-34.5726541,-58.4746729,164.0
5994,VILLA URQUIZA,2615.384615384615,507.63011804372326,-34.573233,-58.479865,162.0
5995,VILLA URQUIZA,3333.333333333333,317.71260389985173,-34.573876,-58.48358100000001,170.0
5996,VILLA URQUIZA,3113.6363636363635,1004.1620434613307,-34.5699769,-58.4761567,162.0
5997,VILLA URQUIZA,3111.1111111111113,849.2084527364996,-34.5684784,-58.4933801,355.0
5998,VILLA URQUIZA,2867.6470588235293,195.72003088796134,-34.5746301,-58.4846169,170.0
5999,VILLA URQUIZA,3214.285714285714,148.84184315673033,-34.5769064,-58.4821036,163.0
6000,VILLA URQUIZA,2360.0,673.5221177107558,-34.5681495,-58.49001170000001,168.0
6001,VILLA URQUIZA,1800.0,351.62779057836997,-34.5773643,-58.48496700000001,170.0
6002,VILLA URQUIZA,2419.3548387096776,165.55443811292025,-34.5796701,-58.4807762,165.0
6003,VILLA URQUIZA,3477.611940298508,522.9935456222975,-34.5734383,-58.49267800000001,355.0
6004,VILLA URQUIZA,1897.4358974358965,1414.7530125529752,-34.571572499999995,-58.5005551,355.0
6005,VILLA URQUIZA,2363.6363636363635,199.37123332173036,-34.5762756,-58.4859889,170.0
6006,VILLA URQUIZA,3066.666666666666,627.5452526508132,-34.5725083,-58.4786419,162.0
6007,VILLA URQUIZA,1758.333333333333,433.04848387718584,-34.5700559,-58.486589,168.0
6008,VILLA URQUIZA,3916.666666666666,433.04848387718584,-34.5700559,-58.486589,168.0
6009,VILLA URQUIZA,2542.372881355933,1013.827910557078,-34.574602,-58.497123,355.0
6010,VILLA URQUIZA,2311.8279569892475,714.8115546460682,-34.570232830500004,-58.4815356893,170.0
6011,VILLA URQUIZA,2232.1428571428573,1327.5321453706244,-34.5634528593,-58.4938359614,355.0
6012,VILLA URQUIZA,2997.826086956521,665.0926553296765,-34.5785872311,-58.4918693355,166.0
6013,VILLA URQUIZA,2338.7096774193546,665.0926553296765,-34.5785872311,-58.4918693355,166.0
6014,VILLA URQUIZA,2433.333333333333,271.3215842022537,-34.5761968,-58.4829572,163.0
6015,VILLA URQUIZA,2833.333333333333,271.3215842022537,-34.5761968,-58.4829572,163.0
6016,VILLA URQUIZA,2992.1259842519685,339.0625402411526,-34.5761646,-58.48370300000001,163.0
6017,VILLA URQUIZA,2432.8125,835.6137570989871,-34.576762,-58.494987,355.0
6018,VILLA URQUIZA,1884.0579710144928,846.3761020506296,-34.575877,-58.49538199999999,355.0
6019,VILLA URQUIZA,2842.857142857143,786.0235951401082,-34.5743641,-58.4729359,159.0
6020,VILLA URQUIZA,1745.0,1464.191728239003,-34.56650070000001,-58.49893829999999,355.0
6021,VILLA URQUIZA,2500.0,386.90114327720903,-34.5747566,-58.4828911,170.0
6022,VILLA URQUIZA,3066.666666666666,623.8702544887726,-34.572511799999994,-58.4787168,162.0
6023,VILLA URQUIZA,3000.0,232.97352262180303,-34.5788459,-58.47852020000001,164.0
6024,VILLA URQUIZA,3200.0,316.3814946141573,-34.573882399999995,-58.4835919,170.0
6025,VILLA URQUIZA,2857.142857142857,886.7442923493697,-34.57338170000001,-58.47354,159.0
6026,VILLA URQUIZA,3161.2903225806454,605.5494996344663,-34.570260600000005,-58.4829304,170.0
6027,VILLA URQUIZA,3161.2903225806454,605.5494996344663,-34.570260600000005,-58.4829304,170.0
6028,VILLA URQUIZA,1680.327868852459,961.5838379994232,-34.5655735,-58.4849078,168.0
6029,VILLA URQUIZA,3029.4117647058824,638.5563958898083,-34.5792024,-58.4906032,169.0
6030,VILLA URQUIZA,3000.0,327.66079953985803,-34.5773071,-58.4853853,170.0
6031,VILLA URQUIZA,3020.0,764.1088629305012,-34.5708196646,-58.4802265033,162.0
6032,VILLA URQUIZA,3113.2075471698113,298.35586937645166,-34.5797392154,-58.4830482085,163.0
6033,VILLA URQUIZA,2733.333333333333,226.75368138933342,-34.5733011,-58.4847301,170.0
6034,VILLA URQUIZA,2842.105263157894,226.15856492722114,-34.5765094,-58.4859238,170.0
6035,VILLA URQUIZA,3500.0,435.5930656907916,-34.578514,-58.4864459,169.0
6036,VILLA URQUIZA,3271.604938271605,191.33261062518096,-34.5797036,-58.4814433,165.0
6037,VILLA URQUIZA,2769.230769230769,1167.2382166423788,-34.56633,-58.479707,170.0
6038,VILLA URQUIZA,2403.782976190476,1167.2382166423788,-34.56633,-58.479707,170.0
6039,VILLA URQUIZA,3000.0,1167.2382166423788,-34.56633,-58.479707,170.0
6040,VILLA URQUIZA,2295.081967213115,809.2799028578739,-34.5807234,-58.49113120000001,169.0
6041,VILLA URQUIZA,2312.5,325.4881962777447,-34.578121100000004,-58.4775168,164.0
6042,VILLA URQUIZA,3333.333333333333,296.25887914190014,-34.576151,-58.489585700000006,166.0
6043,VILLA URQUIZA,1575.7575757575758,1283.5351178717858,-34.565158600000004,-58.479501,170.0
6044,VILLA URQUIZA,3348.314606741573,333.28894786239255,-34.5788706,-58.483965100000006,163.0
6045,VILLA URQUIZA,3668.032786885246,663.8420915111105,-34.5768204981,-58.4932426265,355.0
6046,VILLA URQUIZA,3162.5094339622638,515.6561773328358,-34.573169976500004,-58.479817256800004,162.0
6047,VILLA URQUIZA,3162.5094339622638,507.8165425386138,-34.573236191999996,-58.479844944899995,162.0
6048,VILLA URQUIZA,3572.5,504.0276809936861,-34.5732715285,-58.479844944899995,162.0
6049,VILLA URQUIZA,2488.3720930232557,450.96316977505546,-34.5732363,-58.4825086,170.0
6050,VILLA URQUIZA,2279.4117647058824,1493.9028295039966,-34.564676,-58.49782,355.0
6051,VILLA URQUIZA,2500.0,1368.7571557905096,-34.562403,-58.492579000000006,168.0
6052,VILLA URQUIZA,2414.6341463414637,924.5007033417152,-34.569368100000005,-58.47978810000001,170.0
6053,VILLA URQUIZA,2416.6666666666665,58.96493100131881,-34.573784499999995,-58.488482,355.0
6054,VILLA URQUIZA,2250.0,1014.745639760928,-34.5689981,-58.495713,355.0
6055,VILLA URQUIZA,2833.333333333333,945.6264223549391,-34.5695635119,-58.495326761899996,355.0
6056,VILLA URQUIZA,2196.969696969697,950.6790860526286,-34.569535825900005,-58.495363497700005,355.0
6057,VILLA URQUIZA,3097.826086956521,317.9569695476444,-34.5800893,-58.482923,163.0
6058,VILLA URQUIZA,2714.285714285714,720.8401641654395,-34.575013,-58.472672,159.0
6059,VILLA URQUIZA,2901.408450704225,958.0238713600968,-34.577115,-58.496039,355.0
6060,VILLA URQUIZA,2658.5365853658536,972.5611709966181,-34.578864,-58.495266,355.0
6061,VILLA URQUIZA,2328.7671232876714,271.6770405386484,-34.576127234,-58.4788943571,164.0
6062,VILLA URQUIZA,3125.0,520.6386873986183,-34.5693496,-58.4892718,168.0
6063,VILLA URQUIZA,1750.0,541.798054632496,-34.568902200000004,-58.4876052,168.0
6064,VILLA URQUIZA,2692.3076923076924,438.6851102700348,-34.578546,-58.48646899999999,169.0
6065,VILLA URQUIZA,2037.5,1367.5884362748463,-34.5737533,-58.5003475,355.0
6066,VILLA URQUIZA,2144.7368421052633,1367.5884362748463,-34.5737533,-58.5003475,355.0
6067,VILLA URQUIZA,2328.5714285714284,1367.5884362748463,-34.5737533,-58.5003475,355.0
6068,VILLA URQUIZA,2497.222222222222,665.2027526461668,-34.5680433,-58.4894839,168.0
6069,VILLA URQUIZA,2488.744324324324,907.9173109988989,-34.5732168457,-58.4732080383,159.0
6070,VILLA URQUIZA,2542.266744186047,907.9173109988989,-34.5732168457,-58.4732080383,159.0
6071,VILLA URQUIZA,3044.6251239669427,907.9173109988989,-34.5732168457,-58.4732080383,159.0
6072,VILLA URQUIZA,3355.0,506.9355197439616,-34.5732406497,-58.47986017220001,162.0
6073,VILLA URQUIZA,3012.8205128205127,1104.36610163434,-34.5643019,-58.484636,168.0
6074,VILLA URQUIZA,1832.0610687022906,1418.3573990762936,-34.567521,-58.47307900000001,164.0
6075,VILLA URQUIZA,2134.1463414634145,1286.0527545824802,-34.5639216,-58.4815647,170.0
6076,VILLA URQUIZA,4084.337349397591,420.94818436746084,-34.578159,-58.485273,170.0
6077,VILLA URQUIZA,4084.337349397591,421.4885237951198,-34.578195,-58.485380000000006,170.0
6078,VILLA URQUIZA,3103.8961038961047,310.0325378962698,-34.579986700000006,-58.48293520000001,163.0
6079,VILLA URQUIZA,3112.903225806452,225.84450874613344,-34.5719583612,-58.4868560884,168.0
6080,VILLA URQUIZA,4065.7894736842095,334.6312378037614,-34.5772438,-58.48507070000001,170.0
6081,VILLA URQUIZA,2300.0,1285.4001046938542,-34.56264229999999,-58.49101260000001,168.0
6082,VILLA URQUIZA,2650.0,1025.4469009322404,-34.5694336,-58.47672729999999,162.0
6083,VILLA URQUIZA,3263.888888888889,1025.4469009322404,-34.5694336,-58.47672729999999,162.0
6084,VILLA URQUIZA,3170.731707317073,233.39149748496382,-34.573175,-58.484752,170.0
6085,VILLA URQUIZA,2105.2631578947367,106.0640750133457,-34.575212738400005,-58.487835293100005,169.0
6086,VILLA URQUIZA,2034.7826086956518,1166.1834874975962,-34.563318100000004,-58.4889326,168.0
6087,VILLA URQUIZA,2352.9411764705883,435.60097548961085,-34.5734164,-58.4825983,170.0
6088,VILLA URQUIZA,2831.081081081081,984.2351488726684,-34.570534,-58.4756372,164.0
6089,VILLA URQUIZA,2934.782608695652,984.2351488726684,-34.570534,-58.4756372,164.0
6090,VILLA URQUIZA,2690.909090909091,984.2351488726684,-34.570534,-58.4756372,164.0
6091,VILLA URQUIZA,2683.333333333333,662.3262236802163,-34.57135170000001,-58.48129300000001,170.0
6092,VILLA URQUIZA,2910.2985074626868,891.1545923970078,-34.569947,-58.47871899999999,162.0
6093,VILLA URQUIZA,2263.513513513513,989.7483606616119,-34.571926,-58.4967,355.0
6094,VILLA URQUIZA,1584.5070422535211,1634.5358861320906,-34.566194,-58.500575,355.0
6095,VILLA URQUIZA,2363.6363636363635,151.7175212864606,-34.578758,-58.479302,164.0
6096,VILLA URQUIZA,2632.9113924050635,868.2990477672357,-34.5735834,-58.4731531,159.0
6097,VILLA URQUIZA,3141.0256410256407,804.2017287492146,-34.5741190152,-58.473744934399996,159.0
6098,VILLA URQUIZA,2881.481481481481,806.4754338102501,-34.5740996558,-58.473716144899996,159.0
6099,VILLA URQUIZA,2537.313432835821,390.8266178846718,-34.574445000000004,-58.4823441,162.0
6100,VILLA URQUIZA,3085.1063829787236,625.5573969958513,-34.579159600000004,-58.4904649,169.0
6101,VILLA URQUIZA,2380.952380952381,658.9861522750095,-34.56844,-58.4903423,168.0
6102,VILLA URQUIZA,2534.722222222222,1071.6607267550353,-34.57254870000001,-58.4700582,159.0
6103,VILLA URQUIZA,2820.5128205128203,678.9542235331415,-34.5754338,-58.4725369,159.0
6104,VILLA URQUIZA,1985.2941176470588,678.9542235331415,-34.5754338,-58.4725369,159.0
6105,VILLA URQUIZA,2894.7368421052643,678.9542235331415,-34.5754338,-58.4725369,159.0
6106,VILLA URQUIZA,3433.962264150944,678.9542235331415,-34.5754338,-58.4725369,159.0
6107,VILLA URQUIZA,3589.7435897435907,678.9542235331415,-34.5754338,-58.4725369,159.0
6108,VILLA URQUIZA,2162.7906976744184,509.7792682448872,-34.5734989383,-58.4790376475,162.0
6109,VILLA URQUIZA,4066.666666666666,306.770919861898,-34.5795592936,-58.483309238100006,163.0
6110,VILLA URQUIZA,3826.9230769230767,373.615669063877,-34.5726299,-58.4835776,170.0
6111,VILLA URQUIZA,3109.375,1062.778687638485,-34.566990999999994,-58.494623,355.0
6112,VILLA URQUIZA,2235.955056179775,1083.9997815154966,-34.564002,-58.48733100000001,168.0
6113,VILLA URQUIZA,2551.020408163265,1335.5582194238816,-34.562308,-58.49146800000001,168.0
6114,VILLA URQUIZA,3578.947368421052,688.7750513714344,-34.57534620000001,-58.4725208,159.0
6115,VILLA URQUIZA,3701.298701298701,688.7750513714344,-34.57534620000001,-58.4725208,159.0
6116,VILLA URQUIZA,1638.297872340425,960.3023358519483,-34.5680233729,-58.4806065169,170.0
6117,VILLA URQUIZA,2683.333333333333,663.2773028759885,-34.5713473,-58.4812856,170.0
6118,VILLA URQUIZA,2800.0,663.2773028759885,-34.5713473,-58.4812856,170.0
6119,VILLA URQUIZA,3150.872434782609,882.1339616303459,-34.573423600000005,-58.4735385,159.0
6120,VILLA URQUIZA,2734.228271604938,882.1339616303459,-34.573423600000005,-58.4735385,159.0
6121,VILLA URQUIZA,2666.6666666666665,1367.0102949494653,-34.5740201,-58.5003434,355.0
6122,VILLA URQUIZA,3125.0,1040.979686202071,-34.5753443,-58.4972873,355.0
6123,VILLA URQUIZA,2567.5,819.364456519051,-34.566391100000004,-58.4879287,168.0
6124,VILLA URQUIZA,2189.2,819.364456519051,-34.566391100000004,-58.4879287,168.0
6125,VILLA URQUIZA,2010.8695652173913,1589.3340368619797,-34.569907,-58.501779000000006,355.0
6126,VILLA URQUIZA,3423.0769230769233,930.8009459563746,-34.56638,-58.48375400000001,168.0
6127,VILLA URQUIZA,2471.830985915493,931.4214060137338,-34.5780549,-58.4953275,355.0
6128,VILLA URQUIZA,2475.409836065574,931.4214060137338,-34.5780549,-58.4953275,355.0
6129,VILLA URQUIZA,2922.5,931.4214060137338,-34.5780549,-58.4953275,355.0
6130,VILLA URQUIZA,2042.0168067226887,812.4094379854744,-34.574039550500004,-58.474160230200006,159.0
6131,VILLA URQUIZA,2831.1688311688317,812.4094379854744,-34.574039550500004,-58.474160230200006,159.0
6132,VILLA URQUIZA,2891.891891891892,904.1771088319956,-34.5732339145,-58.4733942798,159.0
6133,VILLA URQUIZA,2551.020408163265,327.7156226627259,-34.577555,-58.477532,164.0
6134,VILLA URQUIZA,2812.5,511.8791323525281,-34.569618,-58.48972,168.0
6135,VILLA URQUIZA,2586.9565217391305,1190.858599426464,-34.563292,-58.485358,168.0
6136,VILLA URQUIZA,3101.351351351351,433.3517616528295,-34.578538,-58.4873069,169.0
6137,VILLA URQUIZA,2269.230769230769,1123.2812029218937,-34.5690458,-58.4756127,162.0
6138,VILLA URQUIZA,3307.6923076923076,1391.387605512919,-34.5641996,-58.4791634,170.0
6139,VILLA URQUIZA,2850.0,559.8093259820287,-34.57268,-58.481662,170.0
6140,VILLA URQUIZA,2100.0,36.13448266971179,-34.578246,-58.481104,353.0
6141,VILLA URQUIZA,3450.054054054054,504.5784919972566,-34.5732037,-58.48013589999999,162.0
6142,VILLA URQUIZA,3641.9753086419755,504.5784919972566,-34.5732037,-58.48013589999999,162.0
6143,VILLA URQUIZA,2691.2911392405067,504.5784919972566,-34.5732037,-58.48013589999999,162.0
6144,VILLA URQUIZA,3110.070422535212,504.5784919972566,-34.5732037,-58.48013589999999,162.0
6145,VILLA URQUIZA,2466.6666666666665,1014.2086003935309,-34.5699981,-58.4759537,162.0
6146,VILLA URQUIZA,2906.9767441860467,1014.2086003935309,-34.5699981,-58.4759537,162.0
6147,VILLA URQUIZA,2863.013698630137,1014.2086003935309,-34.5699981,-58.4759537,162.0
6148,VILLA URQUIZA,2906.9767441860467,1014.2086003935309,-34.5699981,-58.4759537,162.0
6149,VILLA URQUIZA,2840.0,1420.8070066899747,-34.5616059,-58.49180250000001,168.0
6150,VILLA URQUIZA,3194.4444444444453,185.96391736653274,-34.5794109417,-58.4818134662,353.0
6151,VILLA URQUIZA,2701.754385964912,862.9328673913832,-34.572557,-58.474882,164.0
6152,VILLA URQUIZA,2987.804878048781,802.1508893132706,-34.5666341,-58.4865969,168.0
6153,VILLA URQUIZA,2082.5,525.1712607865594,-34.570153000000005,-58.484498,170.0
6154,VILLA URQUIZA,2142.8571428571427,261.5104418741035,-34.5744023,-58.4902918,355.0
6155,VILLA URQUIZA,1713.333333333333,940.0032685874068,-34.5714119,-58.4960949,355.0
6156,VILLA URQUIZA,1808.5106382978727,859.3415648457303,-34.570043299999995,-58.4795707,162.0
6157,VILLA URQUIZA,2214.285714285714,913.0566333123498,-34.572070000000004,-58.474729,164.0
6158,VILLA URQUIZA,2631.578947368421,1210.1821274027886,-34.567179,-58.496589,355.0
6159,VILLA URQUIZA,2652.777777777778,316.27702877066145,-34.571073,-58.488593,168.0
6160,VILLA URQUIZA,2680.555555555556,319.85773493421283,-34.571020000000004,-58.48852900000001,168.0
6161,VILLA URQUIZA,2625.0,311.4721943666203,-34.571099,-58.48852900000001,168.0
6162,VILLA URQUIZA,3250.0,303.99194389857576,-34.573666,-58.4837676,170.0
6163,VILLA URQUIZA,2612.244897959184,912.1417044959193,-34.5761996,-58.49591089999999,355.0
6164,VILLA URQUIZA,3000.0,516.4430732850262,-34.5698133,-58.4901689,355.0
6165,VILLA URQUIZA,3153.8461538461547,395.43995118332725,-34.573494200000006,-58.4829543,170.0
6166,VILLA URQUIZA,2974.358974358974,233.7562013242258,-34.574642,-58.489966,355.0
6167,VILLA URQUIZA,4000.0,218.12514008298353,-34.573917,-58.489945,355.0
6168,VILLA URQUIZA,2810.8108108108117,1143.1108053761009,-34.563548,-58.4890911,168.0
6169,VILLA URQUIZA,3947.3684210526317,298.7483572713297,-34.571745,-58.4859822,168.0
6170,VILLA URQUIZA,2428.5714285714284,1084.3316148060082,-34.567581,-58.495447,355.0
6171,VILLA URQUIZA,2692.3076923076924,888.9595425041883,-34.578967,-58.49425400000001,166.0
6172,VILLA URQUIZA,2889.6103896103896,474.41093215437706,-34.579064,-58.485246,163.0
6173,VILLA URQUIZA,3232.758620689656,185.37002460051158,-34.57928,-58.481988,163.0
6174,VILLA URQUIZA,2313.7254901960778,752.0810990678068,-34.57924271,-58.4923172,166.0
6175,VILLA URQUIZA,2643.67816091954,752.0810990678068,-34.57924271,-58.4923172,166.0
6176,VILLA URQUIZA,2891.566265060241,752.0810990678068,-34.57924271,-58.4923172,166.0
6177,VILLA URQUIZA,2661.2903225806454,701.2296678736813,-34.5678978,-58.4854126,168.0
6178,VILLA URQUIZA,2300.0,701.2296678736813,-34.5678978,-58.4854126,168.0
6179,VILLA URQUIZA,2987.5,42.55826064839776,-34.57766724,-58.48147583,163.0
6180,VILLA URQUIZA,2666.6666666666665,568.5745468202816,-34.56866455,-58.48799133,168.0
6181,VILLA URQUIZA,2592.1052631578946,148.02295694869684,-34.57572556,-58.48783875,169.0
6182,VILLA URQUIZA,1602.787456445993,920.0587345855172,-34.56548691,-58.48733521,168.0
6183,VILLA URQUIZA,2228.5714285714284,958.0902173649973,-34.5722847592,-58.4739594735,164.0
6184,VILLA URQUIZA,2062.7802690582957,958.0902173649973,-34.5722847592,-58.4739594735,164.0
6185,VILLA URQUIZA,2542.372881355933,648.9708494439825,-34.56900787,-58.48434448,168.0
6186,VILLA URQUIZA,2500.0,985.2361667312374,-34.56547546,-58.48455048,168.0
6187,VILLA URQUIZA,3333.333333333333,72.85046290278741,-34.574024200000004,-58.48862457,355.0
6188,VILLA URQUIZA,2738.095238095238,1093.1396267569835,-34.57077408,-58.49734497,355.0
6189,VILLA URQUIZA,2820.5128205128203,1451.4251905448853,-34.56689835,-58.4734726,162.0
6190,VILLA URQUIZA,2180.851063829787,368.8454975227955,-34.577892299999995,-58.48640442,169.0
6191,VILLA URQUIZA,2960.0,339.47484643822304,-34.5708847,-58.48869324,168.0
6192,VILLA URQUIZA,2294.1176470588234,231.49586839751754,-34.57331848,-58.48466492,170.0
6193,VILLA URQUIZA,1769.9115044247787,915.7979687569039,-34.570176700000005,-58.4774674,162.0
6194,VILLA URQUIZA,2397.2602739726026,664.5962241565377,-34.576789899999994,-58.493267,355.0
6195,VILLA URQUIZA,2047.619047619048,640.4189945302433,-34.56821,-58.48621800000001,168.0
6196,VILLA URQUIZA,1950.9803921568628,1195.0300286196878,-34.567503,-58.477339,162.0
6197,VILLA URQUIZA,3332.0,345.04438369849646,-34.573985,-58.483307,170.0
6198,VILLA URQUIZA,2777.777777777778,438.9336479993272,-34.571696,-58.483586,170.0
6199,VILLA URQUIZA,3655.555555555556,496.5944108650136,-34.572627000000004,-58.48230600000001,170.0
6200,VILLA URQUIZA,2693.548387096774,150.79247272389745,-34.576334,-58.481028,162.0
6201,VILLA URQUIZA,2567.5675675675675,824.9857812149797,-34.575827600000004,-58.4951948,355.0
6202,VILLA URQUIZA,3802.6315789473683,348.6496569686951,-34.5783673065,-58.4842417,163.0
6203,VILLA URQUIZA,2468.354430379746,1148.3250913196919,-34.5635166,-58.486261,168.0
6204,VILLA URQUIZA,3608.695652173913,179.20393967353758,-34.5787992366,-58.4790376475,164.0
6205,VILLA URQUIZA,1754.385964912281,277.9710991877494,-34.5761414,-58.47879029999999,164.0
6206,VILLA URQUIZA,2037.037037037037,633.8869258443076,-34.5779312038,-58.4921213153,166.0
6207,VILLA URQUIZA,3756.756756756757,664.617756145369,-34.5754926357,-58.4728648143,159.0
6208,VILLA URQUIZA,3756.756756756757,677.802460252185,-34.5754070026,-58.4726938234,159.0
6209,VILLA URQUIZA,2253.333333333333,445.2661013402986,-34.5782124,-58.4889094,169.0
6210,VILLA URQUIZA,2571.428571428572,481.94263356708683,-34.5734854,-58.4820875,162.0
6211,VILLA URQUIZA,2703.703703703704,268.39288991895944,-34.5748063766,-58.4839729121,170.0
6212,VILLA URQUIZA,2696.969696969697,580.3674184095856,-34.5761391,-58.4739672,159.0
6213,VILLA URQUIZA,2936.5079365079364,546.2476407343088,-34.57188,-58.4822017,170.0
6214,VILLA URQUIZA,3000.0,220.1736301266619,-34.5778717,-58.48312320000001,163.0
6215,VILLA URQUIZA,2080.128205128205,1419.8264043595236,-34.5660432,-58.4981093,355.0
6216,VILLA URQUIZA,2333.333333333333,271.2903773442911,-34.576197,-58.48295699999999,163.0
6217,VILLA URQUIZA,3271.4285714285716,502.7478458044887,-34.57321,-58.480196,162.0
6218,VILLA URQUIZA,2633.333333333333,757.7367232902317,-34.5669535,-58.4874205,168.0
6219,VILLA URQUIZA,2848.4848484848485,236.85296818891933,-34.572604,-58.4854142,170.0
6220,VILLA URQUIZA,2379.310344827586,1324.7408194778163,-34.5645694,-58.4796904,170.0
6221,VILLA URQUIZA,2314.8148148148152,700.7662770236867,-34.5694091,-58.4924106,355.0
6222,VILLA URQUIZA,2945.945945945946,1218.4554789840627,-34.562906299999995,-58.4894195,168.0
6223,VILLA URQUIZA,2477.8761061946907,896.219025599679,-34.568737,-58.4941949,355.0
6224,VILLA URQUIZA,2034.7826086956518,1154.1490799831054,-34.563419700000004,-58.48886089999999,168.0
6225,VILLA URQUIZA,3750.0,509.6157954889722,-34.5730904,-58.481183,162.0
6226,VILLA URQUIZA,2633.333333333333,876.2203933043402,-34.5726177,-58.4746577,164.0
6227,VILLA URQUIZA,3115.384615384615,434.56792183424733,-34.5699883,-58.4867811,168.0
6228,VILLA URQUIZA,2672.7272727272725,401.52821197641055,-34.573917,-58.4828,170.0
6229,VILLA URQUIZA,2353.6585365853657,926.9422353974012,-34.5720545,-58.4745649,164.0
6230,VILLA URQUIZA,2309.5238095238096,926.9422353974012,-34.5720545,-58.4745649,164.0
6231,VILLA URQUIZA,3488.372093023256,995.2108475085986,-34.5701890841,-58.4759759903,162.0
6232,VILLA URQUIZA,2800.0,663.1730648173909,-34.57134779999999,-58.4812864,170.0
6233,VILLA URQUIZA,2034.7826086956518,1186.1499711477754,-34.563077,-58.48814300000001,168.0
6234,VILLA URQUIZA,2034.7826086956518,1186.1499711477754,-34.563077,-58.48814300000001,168.0
6235,VILLA URQUIZA,3313.7254901960773,536.1720104274128,-34.573157,-58.479238,162.0
6236,VILLA URQUIZA,2875.0,1283.8764674203562,-34.5748929,-58.499552,355.0
6237,VILLA URQUIZA,2480.769230769231,562.4017111243118,-34.570471999999995,-58.483293,170.0
6238,VILLA URQUIZA,2659.090909090909,490.49479361413717,-34.571051000000004,-58.483609,170.0
6239,VILLA URQUIZA,3250.0,629.2045758034435,-34.5725684,-58.47847660000001,162.0
6240,VILLA URQUIZA,2500.0,1146.9987629873858,-34.56857,-58.49685600000001,355.0
6241,VILLA URQUIZA,2682.926829268293,1061.9921942159294,-34.572717600000004,-58.46990200000001,159.0
6242,VILLA URQUIZA,3285.714285714286,1474.5630588246217,-34.56129910000001,-58.4830752,168.0
6243,VILLA URQUIZA,3428.5714285714284,341.55235992223135,-34.5710974,-58.4892286,168.0
6244,VILLA URQUIZA,3750.0,290.8136513862383,-34.5714977,-58.4890036,168.0
6245,VILLA URQUIZA,2000.0,713.2692167637591,-34.567881799999995,-58.4851661,168.0
6246,VILLA URQUIZA,2875.0,1043.9719348475403,-34.5659076,-58.4824898,170.0
6247,VILLA URQUIZA,2255.8139534883717,948.248145259819,-34.572819700000004,-58.4736211,159.0
6248,VILLA URQUIZA,3734.375,384.2016050352253,-34.573523,-58.4914234,355.0
6249,VILLA URQUIZA,2723.404255319149,607.6982857762315,-34.568564074099996,-58.4860639288,168.0
6250,VILLA URQUIZA,1851.8518518518522,1176.3504198413418,-34.566969,-58.478875,170.0
6251,VILLA URQUIZA,2285.714285714286,1269.4663101214435,-34.572839,-58.499408,355.0
6252,VILLA URQUIZA,1731.4814814814815,377.4961995744398,-34.570445,-58.4871101,168.0
6253,VILLA URQUIZA,3088.2352941176478,854.5501932828153,-34.5796048,-58.493287,166.0
6254,VILLA URQUIZA,1557.6923076923074,470.46682809266,-34.5773906,-58.4905619,166.0
7490,CHACARITA,2217.391304347826,106.07131144347301,-34.585998499999995,-58.45443630000001,149.0
7491,CHACARITA,2842.105263157894,106.07131144347301,-34.585998499999995,-58.45443630000001,149.0
7492,CHACARITA,3651.6853932584254,874.073685522243,-34.5822469,-58.4484841,147.0
7493,CHACARITA,2061.855670103093,744.0654015463589,-34.5800785,-58.4529235,149.0
7494,CHACARITA,2582.7586206896553,175.82751486375093,-34.5848084,-58.455021,149.0
7495,CHACARITA,2452.830188679245,670.1133997472899,-34.5892524,-58.4418157,145.0
7496,CHACARITA,3870.967741935484,975.057889184645,-34.5817898,-58.4476851,147.0
7497,CHACARITA,2820.5128205128203,761.4840907314725,-34.5802185471,-58.4584266678,149.0
7498,CHACARITA,2488.6363636363635,702.200934968197,-34.5862782,-58.4440022,143.0
7499,CHACARITA,2510.204081632653,839.0113583161431,-34.582961600000004,-58.44837420000001,152.0
7500,CHACARITA,3723.4042553191493,873.8399300566406,-34.5820205,-58.4486636,147.0
7501,CHACARITA,3170.212765957447,319.2846707532795,-34.5887407,-58.4487441,143.0
7502,CHACARITA,2045.4545454545453,319.2846707532795,-34.5887407,-58.4487441,143.0
7503,CHACARITA,3015.873015873016,943.4033533225637,-34.5820329302,-58.4478628239,147.0
7504,CHACARITA,2241.3793103448274,254.30609628672968,-34.592268,-58.450115,144.0
7505,CHACARITA,1750.0,631.2702462250685,-34.581581,-58.452207,149.0
7506,CHACARITA,3602.941176470588,934.3588819659526,-34.5814909,-58.4483922,147.0
7507,CHACARITA,2352.9411764705883,618.3032144274115,-34.5808008,-58.4558529,149.0
7508,CHACARITA,2500.0,859.9688007593397,-34.58308579999999,-58.4480592,152.0
7509,CHACARITA,3135.593220338983,468.1710202652505,-34.5873529,-58.4503124,151.0
7510,CHACARITA,2724.1379310344832,460.5008543040227,-34.5825201,-58.4537277,149.0
7511,CHACARITA,2155.172413793104,277.0710871076385,-34.5890787,-58.44855670000001,143.0
7512,CHACARITA,3046.1538461538453,967.705213609874,-34.5817437598,-58.4478020668,147.0
7513,CHACARITA,2346.938775510204,165.35564011088857,-34.5904584,-58.4488904,144.0
7514,CHACARITA,2640.0,229.1276685139563,-34.5900555,-58.4493062,144.0
7515,CHACARITA,2342.1052631578946,229.1276685139563,-34.5900555,-58.4493062,144.0
7516,CHACARITA,2444.444444444445,871.2867567748082,-34.5829727028,-58.448011369300005,152.0
7517,CHACARITA,2417.5824175824177,774.2081651075669,-34.5883136,-58.4412437,145.0
7518,CHACARITA,1818.1818181818185,774.2081651075669,-34.5883136,-58.4412437,145.0
7519,CHACARITA,2121.212121212121,705.4422961300546,-34.580525,-58.45275520000001,149.0
7520,CHACARITA,3260.8695652173915,852.9608976703299,-34.58159000000001,-58.449259,149.0
7521,CHACARITA,2135.0,907.8252858713222,-34.5783609,-58.4603566,351.0
7522,CHACARITA,3363.6363636363635,880.0605056615899,-34.582265,-58.448403000000006,147.0
7523,CHACARITA,2361.1111111111113,482.174032304282,-34.5871525,-58.446897,143.0
7524,CHACARITA,3645.833333333334,572.4590222770333,-34.5825233,-58.451851100000006,149.0
7525,CHACARITA,3333.333333333333,810.9811038279832,-34.5790515498,-58.4558592879,149.0
7526,CHACARITA,2631.578947368421,810.9811038279832,-34.5790515498,-58.4558592879,149.0
7527,CHACARITA,1955.3072625698323,419.186281671877,-34.5876620324,-58.4480604921,143.0
7528,CHACARITA,2538.4615384615386,741.2671859375444,-34.579765,-58.454154,149.0
7529,CHACARITA,2443.396226415094,741.2671859375444,-34.579765,-58.454154,149.0
7530,CHACARITA,2534.8837209302324,394.6671034750178,-34.586637,-58.451064,152.0
7531,CHACARITA,2300.0,699.0347409965826,-34.5868219,-58.4433851,143.0
7532,CHACARITA,2280.701754385965,785.6984589120973,-34.5806914,-58.4510421,149.0
7533,CHACARITA,2800.0,334.0260731285959,-34.589308100000004,-58.4455666,143.0
7534,CHACARITA,2989.1304347826085,971.6637102974513,-34.582203,-58.447437,147.0
7535,CHACARITA,3037.037037037037,165.69603517247566,-34.590475,-58.448914,144.0
7536,CHACARITA,2244.8979591836733,242.0675678423202,-34.5868829,-58.4524243,152.0
7537,CHACARITA,2303.6649214659687,696.9905544882162,-34.5820559,-58.4507191,149.0
7538,CHACARITA,2619.0476190476197,848.0297218235036,-34.5838763,-58.4464085,143.0
7539,CHACARITA,2222.222222222222,224.26073476054262,-34.586915999999995,-58.4525821,152.0
7540,CHACARITA,3500.0,841.1538796233968,-34.5813757142,-58.449575378,149.0
7541,CHACARITA,3500.0,860.0600295978523,-34.581299326199996,-58.4494152047,149.0
7542,CHACARITA,3442.3076923076924,788.9568086234642,-34.588317,-58.441088,145.0
7543,CHACARITA,2163.414634146341,910.5901396037222,-34.588245,-58.439884,145.0
7544,CHACARITA,2181.5789473684213,910.5901396037222,-34.588245,-58.439884,145.0
7545,CHACARITA,2595.744680851064,757.4177581072161,-34.579518,-58.455462,149.0
7546,CHACARITA,2957.142857142857,838.2456945599015,-34.5788423,-58.45625160000001,149.0
7547,CHACARITA,3567.1641791044776,957.2404804648617,-34.581959999999995,-58.447761,147.0
7548,CHACARITA,3968.2539682539677,931.8941713575337,-34.581495700000005,-58.44841750000001,147.0
7549,CHACARITA,2804.347826086957,823.5019341091584,-34.588103000000004,-58.44085,145.0
7550,CHACARITA,1847.8260869565213,685.0903683071609,-34.5807619317,-58.45796366800001,149.0
7551,CHACARITA,2200.0,864.8620752441335,-34.5835065,-58.4477499,152.0
7552,CHACARITA,3043.478260869565,924.8559578614233,-34.5785876,-58.4583998,149.0
7553,CHACARITA,2407.4074074074074,814.8208335649466,-34.5850759,-58.44398399999999,143.0
7554,CHACARITA,2604.1666666666665,747.74767400499,-34.580377,-58.458463,149.0
7555,CHACARITA,2253.393665158371,906.5144925601026,-34.583846,-58.444605,143.0
7556,CHACARITA,2150.0,709.3443184019496,-34.58589,-58.444483,143.0
7557,CHACARITA,2605.263157894737,704.5695653356252,-34.58401489,-58.44913483,152.0
7558,CHACARITA,1756.0,921.025077273472,-34.57831573,-58.4602356,351.0
7559,CHACARITA,2580.6451612903224,24.33469955201005,-34.591739600000004,-58.4477496,144.0
7560,CHACARITA,2151.1627906976746,473.707777420541,-34.5872441374,-58.4468294179,143.0
7561,CHACARITA,4062.5,965.9603319115981,-34.5827592,-58.44667629999999,143.0
7562,CHACARITA,2787.878787878788,751.0677136272261,-34.580937,-58.451237,149.0
7563,CHACARITA,2421.0526315789475,216.83537587995394,-34.58685379999999,-58.4526668,152.0
7564,CHACARITA,1555.5555555555554,579.4259190302214,-34.584843736799996,-58.4499625381,152.0
7565,CHACARITA,2807.6923076923076,468.66443324593524,-34.5885014,-58.4446509,143.0
7566,CHACARITA,2017.5438596491226,74.98957726154752,-34.5912626723,-58.44692611479999,145.0
7567,CHACARITA,2678.5714285714284,438.0743380162127,-34.58305,-58.4531554,149.0
7568,CHACARITA,3524.590163934426,869.4132279498643,-34.5813277,-58.4492802,149.0
7569,CHACARITA,2632.3529411764707,1000.3083283265778,-34.5825729,-58.445885,143.0
7570,CHACARITA,2632.3529411764707,1000.2329878843186,-34.5825713093,-58.4458961465,143.0
7571,CHACARITA,1612.6126126126126,437.59450719205,-34.58324,-58.457747,149.0
7572,CHACARITA,2010.6382978723404,492.68257877279086,-34.5864299,-58.45020079999999,152.0
7573,CHACARITA,2621.621621621621,736.948103602127,-34.5797517,-58.45613589999999,149.0
7574,CHACARITA,4016.393442622951,860.0377242726922,-34.581407500000005,-58.44932420000001,149.0
7575,CHACARITA,2941.1764705882347,192.85156793103997,-34.590171999999995,-58.44651089999999,143.0
7576,CHACARITA,1740.7407407407404,440.8279856594743,-34.5852389594,-58.4511850891,152.0
7577,CHACARITA,4083.333333333334,870.0591479510736,-34.5812711803,-58.4493201971,149.0
7578,CHACARITA,2633.333333333333,132.40086008241875,-34.590738,-58.448754,144.0
7579,CHACARITA,1817.2972972972973,445.0684736468585,-34.587423,-58.450516,151.0
7580,CHACARITA,1988.333333333333,445.0684736468585,-34.587423,-58.450516,151.0
7581,CHACARITA,2850.0,974.8502014314705,-34.583033,-58.445034,143.0
7582,CHACARITA,2243.2432432432433,472.60675311891606,-34.587302630399996,-58.4466249481,143.0
7583,CHACARITA,2857.142857142857,668.0352465911499,-34.581871500000005,-58.4512822,149.0
7584,CHACARITA,2432.4324324324325,343.483960803033,-34.589290000000005,-58.450003,144.0
7585,CHACARITA,3333.333333333333,854.315157137651,-34.581514,-58.44930400000001,149.0
7586,CHACARITA,3205.128205128205,869.4061443603063,-34.5813278,-58.4492802,149.0
7587,CHACARITA,3054.5454545454545,770.1172968148729,-34.580216,-58.452051,149.0
7588,CHACARITA,3307.6923076923076,308.60561577600504,-34.5841198,-58.4536679,149.0
7589,CHACARITA,2982.142857142857,921.287558003875,-34.5789785,-58.4596829,351.0
7590,CHACARITA,2375.0,399.26087360496683,-34.582800899999995,-58.45587800000001,149.0
7591,CHACARITA,3023.255813953489,681.5014156121504,-34.580325,-58.4541032,149.0
8001,VILLA ORTUZAR,2375.0,517.2177142029132,-34.5793006,-58.4658543,156.0
8002,VILLA ORTUZAR,2750.0,517.2177142029132,-34.5793006,-58.4658543,156.0
8003,VILLA ORTUZAR,2540.983606557377,517.2177142029132,-34.5793006,-58.4658543,156.0
8004,VILLA ORTUZAR,2572.0588235294117,517.2177142029132,-34.5793006,-58.4658543,156.0
8005,VILLA ORTUZAR,2567.5675675675675,517.2177142029132,-34.5793006,-58.4658543,156.0
8006,VILLA ORTUZAR,3000.0,366.04146834113686,-34.5795708,-58.4768119,159.0
8007,VILLA ORTUZAR,3000.0,366.04146834113686,-34.5795708,-58.4768119,159.0
8008,VILLA ORTUZAR,2600.0,1011.5696403023733,-34.5753615,-58.4632282,351.0
8009,VILLA ORTUZAR,2630.384615384615,550.1761489549776,-34.5772065,-58.4713441,159.0
8010,VILLA ORTUZAR,2633.325203252033,550.1761489549776,-34.5772065,-58.4713441,159.0
8011,VILLA ORTUZAR,3414.2,550.1761489549776,-34.5772065,-58.4713441,159.0
8012,VILLA ORTUZAR,3224.142857142857,550.1761489549776,-34.5772065,-58.4713441,159.0
8013,VILLA ORTUZAR,3399.8644067796613,550.1761489549776,-34.5772065,-58.4713441,159.0
8014,VILLA ORTUZAR,3000.0,1010.069335560555,-34.5749839,-58.4646265,156.0
8015,VILLA ORTUZAR,1847.8260869565213,1054.3885405457127,-34.5747592,-58.4638414,351.0
8016,VILLA ORTUZAR,3163.333333333333,899.5537934212015,-34.5759662,-58.46481479999999,156.0
8017,VILLA ORTUZAR,2657.142857142857,568.8475178055203,-34.5772559194,-58.4709758942,159.0
8018,VILLA ORTUZAR,3220.5882352941176,545.9475762552627,-34.5772844,-58.47129520000001,159.0
8019,VILLA ORTUZAR,2842.857142857143,545.9475762552627,-34.5772844,-58.47129520000001,159.0
8020,VILLA ORTUZAR,2135.625,579.5212791419127,-34.5868729,-58.471121,158.0
8021,VILLA ORTUZAR,2529.6,579.5212791419127,-34.5868729,-58.471121,158.0
8022,VILLA ORTUZAR,2656.25,579.5212791419127,-34.5868729,-58.471121,158.0
8023,VILLA ORTUZAR,3243.2432432432433,99.1586557577538,-34.58075520000001,-58.474677,159.0
8024,VILLA ORTUZAR,2035.521739130435,274.3668888360209,-34.583793,-58.469024,157.0
8025,VILLA ORTUZAR,2162.1272727272726,274.3668888360209,-34.583793,-58.469024,157.0
8026,VILLA ORTUZAR,2294.730769230769,274.3668888360209,-34.583793,-58.469024,157.0
8027,VILLA ORTUZAR,2323.44,274.3668888360209,-34.583793,-58.469024,157.0
8028,VILLA ORTUZAR,2540.5405405405404,58.0955008607595,-34.583803,-58.466961,157.0
8029,VILLA ORTUZAR,1656.6037735849054,925.7469471355982,-34.5776674,-58.4608381,351.0
8030,VILLA ORTUZAR,2366.65,330.72923566078987,-34.584428700000004,-58.4695471,157.0
8031,VILLA ORTUZAR,2727.2727272727275,806.9350733533043,-34.576941299999994,-58.4643539,351.0
8032,VILLA ORTUZAR,1843.9716312056732,767.6402994902106,-34.577529299999995,-58.4637419,351.0
8033,VILLA ORTUZAR,2466.6666666666665,195.11624514993673,-34.584759000000005,-58.4647951,351.0
8034,VILLA ORTUZAR,2054.945054945055,380.18053335760396,-34.578496200000004,-58.4770529,164.0
8035,VILLA ORTUZAR,2448.2758620689656,308.2422759245658,-34.5793176,-58.4721764,159.0
8036,VILLA ORTUZAR,2393.162393162393,415.4670658313459,-34.578042,-58.4757533,159.0
8037,VILLA ORTUZAR,2265.625,161.2033298429973,-34.584986789,-58.465247374099995,158.0
8038,VILLA ORTUZAR,2540.983606557377,274.2919263972839,-34.5796943,-58.4722307,159.0
8039,VILLA ORTUZAR,2540.983606557377,303.0010415438392,-34.579411629,-58.4721448693,159.0
8040,VILLA ORTUZAR,2185.714285714286,465.3782414823453,-34.5858199197,-58.4714911222,161.0
8041,VILLA ORTUZAR,2103.75,487.4594499395095,-34.5860672378,-58.4715340375,161.0
8042,VILLA ORTUZAR,2682.926829268293,558.9975233513737,-34.576889,-58.471735,159.0
8043,VILLA ORTUZAR,1887.5739644970413,478.7619680576209,-34.585458,-58.470738,161.0
8044,VILLA ORTUZAR,3642.857142857143,215.60090272849317,-34.5795446,-58.4746749,159.0
8045,VILLA ORTUZAR,2600.0,757.0788279514506,-34.5773498163,-58.46456832649999,351.0
8046,VILLA ORTUZAR,3085.1063829787236,717.9694225400382,-34.577740500000004,-58.4683466,156.0
8047,VILLA ORTUZAR,3333.333333333333,914.0612554918099,-34.5758687,-58.4646409,156.0
8048,VILLA ORTUZAR,3333.333333333333,914.0612554918099,-34.5758687,-58.4646409,156.0
8049,VILLA ORTUZAR,1864.4067796610173,650.4464755591183,-34.5781957,-58.46767809999999,156.0
8050,VILLA ORTUZAR,1990.0,573.3959869824384,-34.5772205845,-58.470954436499994,159.0
8051,VILLA ORTUZAR,2833.333333333333,554.6336175199707,-34.5772798523,-58.4711626819,159.0
8052,VILLA ORTUZAR,3170.212765957447,685.6433717212474,-34.5754114686,-58.472384847700006,159.0
8053,VILLA ORTUZAR,3372.8813559322034,685.6433717212474,-34.5754114686,-58.472384847700006,159.0
8054,VILLA ORTUZAR,2476.894639556377,864.1041183615373,-34.574536,-58.47027900000001,159.0
8055,VILLA ORTUZAR,3750.0,413.06590219812773,-34.5793555,-58.4708031,352.0
8056,VILLA ORTUZAR,3750.0,399.9099419015162,-34.5794066019,-58.470918310600005,352.0
8057,VILLA ORTUZAR,3750.0,377.12362692749673,-34.579601394,-58.4710190534,352.0
8058,VILLA ORTUZAR,3205.128205128205,577.1555377383887,-34.58535379999999,-58.4606027,148.0
8059,VILLA ORTUZAR,3243.2432432432433,553.651457488441,-34.586582,-58.4710108,158.0
8060,VILLA ORTUZAR,2348.993288590604,248.0365663583019,-34.5788618666,-58.4783792496,164.0
8061,VILLA ORTUZAR,2636.3636363636365,727.8484917604779,-34.580420000000004,-58.460814,351.0
8062,VILLA ORTUZAR,2674.418604651163,62.68086750059966,-34.580825,-58.474002,159.0
8063,VILLA ORTUZAR,2417.4757281553398,382.5755484872764,-34.582071,-58.463468000000006,351.0
8064,VILLA ORTUZAR,1689.7142857142858,199.85950505211986,-34.580029,-58.47523399999999,159.0
8065,VILLA ORTUZAR,3658.536585365853,270.4954982571716,-34.580065000000005,-58.47192,352.0
8066,VILLA ORTUZAR,2875.0,119.43708935897223,-34.5828754802,-58.4662783379,156.0
8067,VILLA ORTUZAR,2256.880733944954,536.2590720919928,-34.577096999999995,-58.47178100000001,159.0
8068,VILLA ORTUZAR,3404.761904761905,257.4185851723589,-34.583046,-58.468618000000006,157.0
8069,VILLA ORTUZAR,2656.25,458.7802611466063,-34.5858199197,-58.471619868199994,161.0
8070,VILLA ORTUZAR,3112.359550561797,421.45597600154093,-34.5775953,-58.47442,159.0
8071,VILLA ORTUZAR,2761.904761904762,577.4953611979535,-34.5766528,-58.4718371,159.0
8072,VILLA ORTUZAR,2529.6,515.8906878287419,-34.5862898501,-58.471403841800004,161.0
8073,VILLA ORTUZAR,2083.714285714286,515.8906878287419,-34.5862898501,-58.471403841800004,161.0
8074,VILLA ORTUZAR,2103.75,515.8906878287419,-34.5862898501,-58.471403841800004,161.0
8075,VILLA ORTUZAR,1976.25,460.21558349140196,-34.5857929,-58.47153960000001,161.0
8076,VILLA ORTUZAR,2224.1379310344832,359.4329545371027,-34.5783061,-58.4772203,164.0
8077,VILLA ORTUZAR,2211.5384615384614,811.3687175509692,-34.578290700000004,-58.4617029,351.0
8078,VILLA ORTUZAR,2734.375,542.0282694057416,-34.577109864200004,-58.4716478715,159.0
8079,VILLA ORTUZAR,2734.375,557.7125007449334,-34.5776684526,-58.470633886899996,159.0
8080,VILLA ORTUZAR,2572.0588235294117,310.93132771241795,-34.58425510000001,-58.4693789,157.0
8081,VILLA ORTUZAR,2666.6666666666665,558.3713296396102,-34.5868243,-58.47092850000001,158.0
8082,VILLA ORTUZAR,3424.6184210526317,582.8766421855348,-34.577062,-58.4710282,159.0
8083,VILLA ORTUZAR,2050.0,253.36969574419254,-34.58241029999999,-58.4712216,161.0
8084,VILLA ORTUZAR,2172.1311475409834,421.10102743059326,-34.577715999999995,-58.475053,159.0
8085,VILLA ORTUZAR,2424.242424242424,953.725959196489,-34.575513332199996,-58.46458564970001,156.0
8086,VILLA ORTUZAR,3119.04761904762,782.8237044309947,-34.579047,-58.461265,351.0
8087,VILLA ORTUZAR,2845.238095238096,577.4122662644824,-34.5772445174,-58.4708622745,159.0
8088,VILLA ORTUZAR,2833.333333333333,559.5747106038453,-34.5773395409,-58.4710041413,159.0
8089,VILLA ORTUZAR,1990.0,557.300175682885,-34.5772865386,-58.4711114297,159.0
8090,VILLA ORTUZAR,2024.793388429752,694.2790714088679,-34.5760598,-58.4707172,159.0
8091,VILLA ORTUZAR,2734.375,544.0807389191815,-34.5773572083,-58.471218718,159.0
8092,VILLA ORTUZAR,1788.6178861788615,989.8375685416497,-34.574343,-58.468513,159.0
8093,VILLA ORTUZAR,2553.1914893617013,313.0748506310964,-34.5844331,-58.4693861,157.0
8094,VILLA ORTUZAR,2607.4766355140187,545.7833186515354,-34.5772886,-58.4712916,159.0
8095,VILLA ORTUZAR,1970.2970297029706,545.7833186515354,-34.5772886,-58.4712916,159.0
8096,VILLA ORTUZAR,2565.217391304348,361.32737321192525,-34.579448799999994,-58.47137579999999,352.0
8097,VILLA ORTUZAR,2821.917808219178,461.663736173454,-34.5788289,-58.47070770000001,352.0
